edyth.connelly,armstrong.ashley@wwj.info
edyth.connelly,mueller@gmail.com
edyth.connelly,turner.felicity@yahoo.com
janessa.bradtke,nedra@oto.com
murl,sporer.liam@yae.com
murl,zora.cronin@fab.com
sophia,alexandra.reilly@hotmail.com
gorczany.michele,guadalupe.gaylord@ust.com
gorczany.michele,christopher.stokes@vkm.biz
precious,tyson.goodwin@tnu.com
precious,halle.lynch@yahoo.com
precious,hane@owb.com
huel.nellie,jada.vonrueden@mxk.com
prosacco,schinner@lam.com
prosacco,maxwell@yiu.com
prosacco,mohr.elna@gmail.com
pagac.jerrod,carey@baq.info
pagac.jerrod,sydnee.kihn@hvs.biz
larkin,gibson@gmail.com
larkin,theresia.lesch@yahoo.com
larkin,aliyah@hxo.com
batz,morar@yahoo.com
batz,deontae@ojj.com
mitchell.thelma,everett@vgk.com
mitchell.thelma,west@eix.org
mitchell.thelma,maryam.fahey@yahoo.com
jannie,maxwell@hotmail.com
gonzalo.hirthe,grayson.wilkinson@gmail.com
torp.abraham,danial.connelly@okt.org
torp.abraham,kertzmann.raphael@mpd.com
zoie.vandervort,howe.morton@koh.com
lavada,crist@yahoo.com
lavada,adams@hlj.info
stuart.crona,drew@hotmail.com
stuart.crona,marks.estel@kno.com
shania.hansen,gutkowski@iwt.org
shania.hansen,effertz.jermain@grm.info
gabe.casper,norval.spencer@hotmail.com
magnus,stoltenberg@hotmail.com
magnus,brenna.wyman@zsj.com
liana.auer,richie.lebsack@gmail.com
jaskolski,darryl.erdman@yahoo.com
jaskolski,raynor.gregorio@gmail.com
jaskolski,schamberger.naomi@hotmail.com
maxie.satterfield,robert@hotmail.com
dietrich.jadyn,jaunita@ysm.org
dietrich.jadyn,keon.collins@hotmail.com
will.carley,clinton@yahoo.com
sidney.kassulke,gordon.jacobson@pjy.com
sidney.kassulke,zack@udx.com
howell.vida,sean@sgp.com
howell.vida,wiza@yahoo.com
howell.vida,rodriguez.aryanna@yahoo.com
vidal.padberg,marcella.pfeffer@gmail.com
vidal.padberg,clair.ferry@gmail.com
vidal.padberg,gianni@sfy.com
malinda,rylan@fkr.com
marietta.hagenes,waters.otilia@xox.com
marietta.hagenes,seamus.will@gmail.com
marietta.hagenes,elaina.gutmann@gmail.com
xavier,dare@hotmail.com
xavier,alana@aet.biz
xavier,bode.otto@fkg.com
kovacek,creola.rohan@vzw.biz
feest,xander.schoen@gmail.com
alvena,o_kon@sfj.net
alvena,feeney.devonte@bqj.org
alvena,tremblay@yahoo.com
corkery,miller@hotmail.com
corkery,brekke@ilm.com
bulah.hudson,rosina.wisoky@yahoo.com
gaetano.zieme,hilpert@syo.info
gaetano.zieme,antonietta.spencer@tiw.com
gaetano.zieme,brown.clarabelle@yahoo.com
matteo.white,wintheiser@evp.com
alvera.watsica,princess.yundt@hotmail.com
alvera.watsica,cora.rolfson@gmail.com
alvera.watsica,christelle@hga.com
rau.gabe,eloisa.franecki@ytj.com
funk.clyde,hahn@zej.com
funk.clyde,kihn.kiana@ihq.net
lynch.carson,toy@sfb.info
shakira.daugherty,skiles@gmail.com
ara.mayer,spencer.abby@yahoo.com
winston,blanda@yahoo.com
winston,stamm.bertrand@zxn.net
hirthe,darryl@rwo.com
hirthe,layla.bradtke@qrz.info
eunice,quentin.conroy@gmail.com
eloy.eichmann,langosh.anya@iwq.com
bednar.alan,cristal@gmail.com
bednar.alan,hermann.strosin@gmail.com
bartholome,braeden.muller@gmail.com
bartholome,toy@hotmail.com
bartholome,kertzmann.neil@dye.info
roberto,windler.germaine@ujf.com
lebsack,jesse@olc.net
lebsack,nikolaus@rsf.net
steuber,elvera@qkm.com
sanford,brandon@yahoo.com
sanford,ziemann@wch.org
merlin,eloisa@yahoo.com
merlin,joy@zkd.com
merlin,oberbrunner.kelton@hotmail.com
treva,kassulke@gmail.com
treva,schaefer@gmail.com
treva,langworth.jessie@hotmail.com
lindgren,schinner.holly@gmail.com
lindgren,toy.douglas@rbc.com
mante.madonna,ervin.vandervort@lul.net
mante.madonna,ankunding@yahoo.com
dovie,gaylord@uym.org
dovie,gerlach@vuw.com
dovie,o_hara.bernita@nyy.info
hegmann,hintz@gmail.com
hegmann,gerlach@cbh.com
hegmann,vickie.wuckert@hotmail.com
ryan,alicia@gmail.com
katrina,bauch@hotmail.com
katrina,ortiz@yahoo.com
laverna,hammes.bobbie@mlc.com
demarco,dalton@gmail.com
kuvalis.marley,ulices.haag@qvl.org
kuvalis.marley,abelardo.abernathy@nos.net
destany,garrick@zoe.com
laurianne,eichmann.santino@yahoo.com
laurianne,sam@gmail.com
bergstrom.beau,bayer@lea.com
mckenzie,velva@gmail.com
mckenzie,violet@hotmail.com
mckenzie,turcotte@yahoo.com
norene,cecilia.carroll@tsx.biz
norene,senger.lucious@fxf.com
doyle.nova,lubowitz.camron@nnw.info
zander.hamill,garry.rutherford@iyh.com
zander.hamill,o_connell@gmail.com
will,laurianne@hotmail.com
edgar,delbert.wiegand@ohi.com
edgar,joel@qmg.com
jones.sabrina,wunsch.ellis@gmail.com
jolie,farrell.otis@aoe.info
weber.jaquan,veum.chester@yahoo.com
weber.jaquan,mylene.pfannerstill@yahoo.com
weber.jaquan,jana@gmail.com
kacey.mcglynn,bogan.yazmin@yahoo.com
kacey.mcglynn,harber@rub.com
ofelia,melany.zulauf@hrl.com
isaias,earnestine@yahoo.com
isaias,kassulke.corrine@gmail.com
isaias,moshe.grant@lhi.com
granville.dach,jazlyn@gmail.com
fredy.boyle,kiehn.alexandrine@hotmail.com
fredy.boyle,norval.boyle@gmail.com
fredy.boyle,leola@gqr.net
jailyn,klein@gxt.com
jailyn,durgan@hotmail.com
pearl.bartoletti,fritz.fisher@lpn.com
pearl.bartoletti,tyrese@xmd.com
jameson.wisoky,robyn@qfk.com
jameson.wisoky,winnifred.jaskolski@hotmail.com
kertzmann,glover@yahoo.com
kertzmann,garnet@yhr.net
ruecker,gertrude.torp@pxq.com
ruecker,anderson.faye@yahoo.com
ruecker,kutch@gmail.com
golda.farrell,dooley.ryan@yahoo.com
golda.farrell,adam.kemmer@yahoo.com
gabriella,volkman@myh.biz
gabriella,josie@gmail.com
shanahan,rosario@haw.com
shanahan,witting@msb.biz
cathy.batz,block@hotmail.com
gutkowski.frederik,prohaska@xso.info
gutkowski.frederik,magdalen@gmail.com
gutkowski.frederik,shanahan.marina@hxc.info
runolfsson,greenholt@gmail.com
anita.schoen,ortiz@yahoo.com
anita.schoen,stoltenberg@hya.info
anita.schoen,monahan.verla@rtc.com
windler.kolby,karelle.barrows@qhq.com
windler.kolby,kaley.moore@hzj.com
ashlee.wintheiser,roscoe@gmail.com
mariane.durgan,wolff.ora@hotmail.com
mariane.durgan,tommie@wxt.net
mariane.durgan,maggio.sandra@ohl.com
bartholome.fritsch,franecki@ume.info
klein.germaine,skye.stroman@hotmail.com
fannie,juliana.schowalter@svx.com
fannie,warren@hotmail.com
nels.powlowski,idell.terry@hotmail.com
adams,schinner.laney@opa.info
adams,sister@nkq.com
brown,oswald@yahoo.com
brown,goodwin.maximo@hotmail.com
ransom.schinner,kerluke.gladys@jmo.com
ransom.schinner,kessler@hotmail.com
jaylen.donnelly,konopelski@mme.com
jaylen.donnelly,percival@gmail.com
clementina,taylor.heidenreich@hotmail.com
clementina,amely@aih.com
blick.marty,missouri.beier@kmd.com
blick.marty,irwin.block@gmail.com
fahey.theresia,heidenreich@tcg.biz
fahey.theresia,reichel@gmail.com
fahey.theresia,gage@pzq.com
schaden.dillan,rosa.ebert@gmail.com
schaden.dillan,antonetta@yahoo.com
bryana.lowe,veum@yahoo.com
pouros.mason,fisher.edgardo@gmail.com
pouros.mason,kiehn.jefferey@jsl.com
mccullough,gerlach.adrian@hotmail.com
mccullough,hassie.cassin@gmail.com
hoeger,legros.mohammed@yahoo.com
arnold.deckow,aryanna@dyq.com
arnold.deckow,reinger@xtm.com
jerde,reta@hotmail.com
jerde,hickle.juliana@hotmail.com
reinger.jeanne,vena@hotmail.com
alex,brekke@hotmail.com
alex,thiel.imogene@viu.net
alex,hahn@kts.biz
audie.wiegand,julia@gmail.com
audie.wiegand,boyer.laurie@yahoo.com
candelario,terry@uek.com
candelario,wilfredo.howe@hotmail.com
candelario,korey.skiles@zhg.com
heller,fahey@gmail.com
bruen.hyman,lynch.karen@mut.biz
bruen.hyman,daisha.hudson@kfi.com
bruen.hyman,kunde.lexi@gmail.com
colton.kutch,alysson.bednar@wrv.com
colton.kutch,schaden.shaun@hotmail.com
colton.kutch,trinity.block@tqk.info
malcolm.spencer,luettgen@xxp.com
malcolm.spencer,kiehn@hotmail.com
corwin.talon,jocelyn.schaefer@hotmail.com
corwin.talon,borer.claudia@vll.com
pfeffer.talon,russell.kunze@srz.info
pfeffer.talon,hope@hotmail.com
andy,franecki.anissa@yahoo.com
andy,troy@svi.com
benedict.pollich,joshua.conroy@nnn.com
benedict.pollich,susanna@gmail.com
benedict.pollich,yoshiko.collins@hotmail.com
anissa,fernando.king@yahoo.com
anissa,goldner@hotmail.com
anissa,davonte.rutherford@lty.net
hettinger.vicente,murazik@ufn.com
michaela.grady,wolf@qfi.biz
michaela.grady,kelvin.bergstrom@yahoo.com
michaela.grady,cummings.pasquale@vfy.com
reilly,leannon@hotmail.com
reilly,schoen@isf.com
thompson,schamberger@yahoo.com
darren.morar,marianne.orn@hotmail.com
darren.morar,howell.giovanna@gmail.com
johns.keyshawn,bednar.trisha@uoy.biz
johns.keyshawn,thompson.danika@gmail.com
kihn,pfeffer@hotmail.com
kihn,kaia@kmm.com
deckow.owen,ullrich.clemmie@kca.info
deckow.owen,obie.kiehn@gmail.com
deckow.owen,myron@hotmail.com
sawayn,turner.williamson@irf.net
sawayn,beier.royal@eyu.com
winona.casper,howe.dallin@cfs.com
winona.casper,keeling.brent@hotmail.com
howell.jessie,powlowski@hho.net
arvel.considine,judd.o_keefe@rwl.com
arvel.considine,kunze.annie@qrn.net
arvel.considine,deckow.milford@far.com
ledner.jakayla,athena@hotmail.com
ledner.jakayla,wyman.oran@gmail.com
mayert,mcdermott@gmail.com
dora.bogisich,pacocha@gts.biz
dora.bogisich,rohan.monique@fsn.biz
rylee.aufderhar,satterfield.shanny@mwy.net
sanford.percival,felicia.green@hotmail.com
wilson,queenie@bvt.com
russel.calista,pouros@qte.info
russel.calista,stan@yahoo.com
carol,vicenta.hansen@cts.com
swaniawski,volkman@gmail.com
mclaughlin.elsa,carson.krajcik@rge.biz
osinski,ahmad@hotmail.com
osinski,pollich.alexandro@yahoo.com
mcclure,torp.teagan@gmail.com
mcclure,angus@gmail.com
upton.deborah,spencer@yahoo.com
upton.deborah,tate.mante@gmail.com
upton.deborah,carter@ndn.com
orn,vandervort@gmail.com
orn,weldon@xwg.net
wuckert.sydnee,turner.dorris@hotmail.com
wuckert.sydnee,dannie.braun@rqh.org
lyric.wiza,bosco@qdo.com
lyric.wiza,deckow.vicente@vwj.com
batz.sarina,vandervort@yahoo.com
lorna,zboncak@hotmail.com
lorna,lowell.conn@yahoo.com
sofia.boyer,afton.hickle@pqi.com
sofia.boyer,dianna.johns@kfm.com
august.jakubowski,johnston@wej.com
august.jakubowski,gerlach@yahoo.com
august.jakubowski,russel.sunny@yft.com
schumm,parisian@uqh.com
schumm,lilyan.leffler@lvn.biz
jaqueline,jamel@nis.com
jaqueline,feeney.kristy@ewn.com
bettie.skiles,carter.jeffry@qpu.net
bettie.skiles,gorczany.ebba@gmail.com
bettie.skiles,wolff@yahoo.com
cleve,collier@txp.com
cleve,hadley.white@wyc.com
cleve,stanley.waelchi@ezo.com
torrey,rohan.glen@fjv.info
torrey,maybell@hotmail.com
estefania,muller.darrick@blo.org
estefania,barrows.dylan@mre.info
bessie,bobbie@hotmail.com
bessie,o_connell.rachelle@yahoo.com
bessie,schmitt.vince@yahoo.com
o_hara.bryana,upton.jermain@yahoo.com
o_hara.bryana,schroeder.damon@wdu.net
marianna,nader@plo.org
marianna,wintheiser.sienna@hotmail.com
marianna,bernier.jamey@obm.com
keshawn,mya@vqf.org
keshawn,jettie@qya.net
runolfsdottir,cormier.yazmin@yahoo.com
runolfsdottir,cartwright.joany@gnf.biz
considine.heaven,sandy.wilderman@iwk.com
considine.heaven,thiel@yahoo.com
kyle.altenwerth,cole@eia.info
kyle.altenwerth,abshire.johnpaul@zje.com
konopelski,gleason.johnathon@gmail.com
konopelski,baumbach@hotmail.com
konopelski,donnelly@gmail.com
timmy.dach,ziemann@gmail.com
timmy.dach,janick.reinger@hzd.com
ila,annabel.fisher@gmail.com
ila,brekke@qds.com
block,jerrod@xvw.com
block,sarina.rodriguez@yahoo.com
block,russel@hey.com
morton.feeney,bogan.dulce@yahoo.com
rohan,bernier.ruthe@rlu.biz
rohan,cordell@hotmail.com
julius,hayley.roob@hotmail.com
funk,schneider@akj.biz
funk,johnson@duu.biz
kaya,dolly@fau.com
kaya,carter@hsk.net
kaya,ervin.rau@hotmail.com
taryn,tabitha.blick@yahoo.com
taryn,carroll.ariel@yahoo.com
isaiah.kerluke,rafaela@jyb.com
madisen,marcellus@vga.com
madisen,marjorie@gmail.com
herman.elna,dan@hzt.org
herman.elna,milan.feeney@hotmail.com
herman.elna,arlo.schaden@yahoo.com
keshaun.hills,beryl@gmail.com
keshaun.hills,rodriguez@hotmail.com
keshaun.hills,fritsch.electa@hba.org
verna,kelly@lwd.org
verna,larkin@pvi.org
alf,piper@gmail.com
alf,melvin.upton@lop.com
millie,tanya@zfw.com
millie,murphy@nua.com
jones.providenci,barton.norberto@qfz.org
jones.providenci,roob@gmail.com
dax.mclaughlin,bins.ronny@gmail.com
dax.mclaughlin,jerde@yahoo.com
dax.mclaughlin,judson.abernathy@gmail.com
precious,tillman@hotmail.com
koch,merlin.kovacek@kck.info
koch,lang.maia@sli.com
koch,arlie@yahoo.com
predovic,genoveva@gmail.com
predovic,hessel@ogh.com
maria,kiehn.jakob@hotmail.com
maria,lynch@yahoo.com
valentina.osinski,cathrine@paz.com
jaskolski.carmelo,o_reilly@zrb.net
jaskolski.carmelo,delta@hotmail.com
myrl,lyric@ztx.net
myrl,adrien@yahoo.com
wunsch,everette.gislason@ray.info
wunsch,haley@lqg.com
nakia.baumbach,quitzon.alva@yjp.com
alessia.funk,wolff@gmail.com
alessia.funk,krystal.gibson@gmail.com
rowe.nelle,lee@hotmail.com
kiana.hilpert,chad.pfannerstill@gmail.com
kiana.hilpert,elias.aufderhar@lux.com
kiana.hilpert,ryleigh.mann@piv.info
giuseppe.ledner,moen.ellsworth@fzh.com
giuseppe.ledner,kassulke.allene@gmail.com
giuseppe.ledner,alberta.dare@zoy.info
kattie.hintz,louisa.bogan@gmail.com
kreiger.salma,sandy@yahoo.com
kreiger.salma,manuela.towne@hotmail.com
considine.emmett,schuster.kaitlin@vsy.com
elvera,toy.layla@yahoo.com
elvera,brown@yahoo.com
elvera,mathilde.rutherford@jjv.com
verla,bogisich.maggie@mky.com
verla,angie.schaefer@gmail.com
frami.kattie,mcglynn.llewellyn@yahoo.com
frami.kattie,earl.o_hara@dfq.info
bernhard.linnea,lizzie.bayer@pop.org
bernhard.linnea,kovacek@yahoo.com
janelle.larson,kshlerin@hotmail.com
janelle.larson,huels@qgi.com
janelle.larson,dante.hoppe@hotmail.com
wilma.mcglynn,botsford.rosetta@suh.org
rachelle.bednar,kuhic@gmail.com
wilderman,virgie.klein@ogc.com
kaleb.runolfsson,scot.walsh@gwl.com
kaleb.runolfsson,cletus.wiza@hotmail.com
kaleb.runolfsson,brenda.leffler@htv.com
lillie.o_keefe,brakus.devonte@qpr.org
lyric,turcotte.jasmin@udf.biz
lyric,kemmer.barbara@yahoo.com
lyric,denesik.valerie@gmail.com
monahan,noe.williamson@gmail.com
friesen,shanahan.wava@etm.com
friesen,aliza.homenick@yahoo.com
jaskolski,santos@yahoo.com
jaskolski,mae.sauer@wkv.biz
feest,coby@gmail.com
koss,maybelline.jacobi@gmail.com
koss,breitenberg.idell@yea.biz
koss,elta.welch@gmail.com
olson,beer@yahoo.com
olson,kuhlman@yahoo.com
olson,nicolas.smith@ucs.net
wiegand,schroeder@hotmail.com
collin,kraig@ajk.info
agnes,benedict.schroeder@egr.com
agnes,rippin.cali@gql.com
chadd.quigley,towne.odie@hotmail.com
chadd.quigley,susie@xxj.biz
chadd.quigley,brendon.farrell@hotmail.com
wilson,dietrich.delbert@gmail.com
wilson,lula@xaw.com
kyler.murazik,zander@uwl.com
corwin.shanon,hegmann.lydia@whs.com
stracke.tyreek,nikolaus.everette@yit.biz
stracke.tyreek,arnold@mwa.com
feil,labadie.don@ree.biz
feil,blanda.davin@gmail.com
maggio.ralph,roxane.gleichner@hotmail.com
cormier,boyer@hotmail.com
kacey.schamberger,taurean@yahoo.com
isaac.west,kozey.vernon@hotmail.com
isaac.west,trycia@pdb.com
dach,shany@cip.com
o_hara,maybell.durgan@jhh.com
o_hara,bogisich@vrr.info
o_hara,rudy@yah.org
domenica,chandler.mueller@nsl.info
domenica,mcglynn@yahoo.com
abdiel,jettie.mills@ulx.com
abdiel,eliezer@vhl.com
rau,prosacco.josie@yahoo.com
rau,o_connell.darron@yahoo.com
rau,adell@oaf.com
torphy,hane.gavin@yahoo.com
torphy,abshire.alycia@yahoo.com
torphy,hildegard.lubowitz@eoo.com
spinka,gleichner.shaylee@cna.com
spinka,johns@pke.biz
jermey,strosin.lonie@rzm.info
jermey,orie@mpo.com
huel,zieme.dangelo@hotmail.com
huel,rowland.kuvalis@iip.biz
ratke.eric,hassan.larson@gmail.com
ratke.eric,braeden.lubowitz@gmail.com
ratke.eric,dion@yahoo.com
grimes,turcotte.zoey@yahoo.com
grimes,heidenreich@wfu.org
grimes,fay@yahoo.com
mertz.dillan,bailey@oql.com
feil.estevan,pouros@yahoo.com
feil.estevan,gardner.hilll@ckz.com
adriana,lueilwitz@gmail.com
shanahan,thompson.calista@fky.com
mann,spencer.cielo@yahoo.com
mann,althea.gaylord@blt.com
mann,smith.deven@hotmail.com
maxie,tyrell@dtw.net
kozey,kuhlman.dorthy@ufe.com
kozey,goyette.reina@xhx.net
kozey,kris@gmail.com
chandler.kunde,garrick.mitchell@hotmail.com
chandler.kunde,gleason@gmail.com
chandler.kunde,lueilwitz@fnp.com
crystal,herman@mzg.net
crystal,milan@ldx.biz
crystal,devan.eichmann@lyg.com
mclaughlin,dicki@cht.com
mckenzie.carlotta,carlie@gmail.com
nathan,martin@hdo.info
nathan,adrianna.runte@hotmail.com
zita,cecil.legros@gmail.com
zita,clementine@ewo.com
hamill,koby@iqf.com
jed,ward.heather@acm.org
jed,fritsch.bessie@dyk.org
delilah.bradtke,pouros@sqm.com
delilah.bradtke,art.heidenreich@yahoo.com
nathanael,quitzon@hxx.org
elnora,conner@zyf.com
hoeger,kreiger@gmail.com
christiansen,afton@hotmail.com
christiansen,hubert.kulas@yyy.info
omari,ebba@bes.com
omari,jakubowski@hotmail.com
omari,kane.pagac@hotmail.com
lesch.baby,mohr@zpp.com
lesch.baby,rosanna@jjc.com
virgie.waelchi,ankunding@ign.net
roberts.jalen,zakary.hammes@jts.com
zemlak.bill,morar.marion@nav.com
zemlak.bill,pfannerstill@gmail.com
edwardo,jailyn.fay@jzb.biz
edwardo,pfannerstill@gmail.com
edwardo,elton@yahoo.com
edythe,jerde@yahoo.com
edythe,williamson@yahoo.com
edythe,austyn.klocko@yahoo.com
schinner,benny.prosacco@gmail.com
schinner,fritsch.bell@uyo.com
schinner,schoen.rosina@dtq.net
schoen.jamel,bennett.bradtke@gmail.com
schoen.jamel,hermiston.albertha@gau.com
frankie,considine.luella@hotmail.com
frankie,jaleel@stf.com
linwood.blanda,turner.tyree@yahoo.com
linwood.blanda,max.cartwright@aag.biz
linwood.blanda,chance@hotmail.com
thora,shanahan@kpt.com
lockman.eryn,icie.christiansen@jrk.org
lockman.eryn,rutherford.destini@lfi.com
lockman.eryn,edwin.schmidt@rvh.com
kylie.olson,lueilwitz.don@iqq.info
kylie.olson,ledner@zch.org
caleigh,oberbrunner@hotmail.com
tyra,koelpin@swk.com
tyra,janick.mohr@dpd.com
tyra,simonis@pvo.com
aaron.leannon,pacocha@yahoo.com
aaron.leannon,schmidt.keaton@yahoo.com
aaron.leannon,keon@nbi.com
kelvin.dach,brekke@hotmail.com
jacobi.schuyler,heloise@gmail.com
jacobi.schuyler,santiago.paucek@qtp.com
sarina,walker@yahoo.com
sarina,ladarius@gmail.com
sarina,onie@gmail.com
keagan.gutmann,abshire@yahoo.com
keagan.gutmann,conrad.rohan@kcw.com
francesca.wyman,franecki.hermina@yahoo.com
johanna,caroline@eds.com
johanna,georgianna.ebert@maf.net
vanessa,lowe@gme.com
vanessa,heathcote@yrb.org
isaias,runolfsson.stacy@tnb.net
wilber.conn,kieran.blick@gmail.com
wilber.conn,jamison.mann@wmm.com
tre.cassin,freida@grx.org
keeley.stanton,schmidt.samara@uqc.com
kyra.auer,tremayne.lang@yahoo.com
kyra.auer,arlie@gmail.com
raven,hector.lueilwitz@hotmail.com
